observation_id,formulation_id,batch_id,replicate_id,endpoint,value,unit,observation_noise,source_type,source_file,notes
obs_legacy_lit_1_viability,legacy_lit_1,legacy_literature,legacy,viability_percent,96.0,percent,50.0,legacy_literature,/Users/bait/Documents/ML-for-CryoMN/data/processed/parsed_formulations.csv,Transferred from previous viability-only project.
obs_legacy_lit_2_viability,legacy_lit_2,legacy_literature,legacy,viability_percent,12.5,percent,50.0,legacy_literature,/Users/bait/Documents/ML-for-CryoMN/data/processed/parsed_formulations.csv,Transferred from previous viability-only project.
obs_legacy_lit_3_viability,legacy_lit_3,legacy_literature,legacy,viability_percent,77.74,percent,50.0,legacy_literature,/Users/bait/Documents/ML-for-CryoMN/data/processed/parsed_formulations.csv,Transferred from previous viability-only project.
obs_legacy_lit_4_viability,legacy_lit_4,legacy_literature,legacy,viability_percent,81.43333333333332,percent,50.0,legacy_literature,/Users/bait/Documents/ML-for-CryoMN/data/processed/parsed_formulations.csv,Transferred from previous viability-only project.
obs_legacy_lit_5_viability,legacy_lit_5,legacy_literature,legacy,viability_percent,84.5,percent,50.0,legacy_literature,/Users/bait/Documents/ML-for-CryoMN/data/processed/parsed_formulations.csv,Transferred from previous viability-only project.
obs_legacy_lit_6_viability,legacy_lit_6,legacy_literature,legacy,viability_percent,83.0,percent,50.0,legacy_literature,/Users/bait/Documents/ML-for-CryoMN/data/processed/parsed_formulations.csv,Transferred from previous viability-only project.
obs_legacy_lit_7_viability,legacy_lit_7,legacy_literature,legacy,viability_percent,82.14,percent,50.0,legacy_literature,/Users/bait/Documents/ML-for-CryoMN/data/processed/parsed_formulations.csv,Transferred from previous viability-only project.
obs_legacy_lit_8_viability,legacy_lit_8,legacy_literature,legacy,viability_percent,69.625,percent,50.0,legacy_literature,/Users/bait/Documents/ML-for-CryoMN/data/processed/parsed_formulations.csv,Transferred from previous viability-only project.
obs_legacy_lit_9_viability,legacy_lit_9,legacy_literature,legacy,viability_percent,65.48,percent,50.0,legacy_literature,/Users/bait/Documents/ML-for-CryoMN/data/processed/parsed_formulations.csv,Transferred from previous viability-only project.
obs_legacy_lit_10_viability,legacy_lit_10,legacy_literature,legacy,viability_percent,63.17777777777778,percent,50.0,legacy_literature,/Users/bait/Documents/ML-for-CryoMN/data/processed/parsed_formulations.csv,Transferred from previous viability-only project.
obs_legacy_lit_12_viability,legacy_lit_12,legacy_literature,legacy,viability_percent,95.2,percent,50.0,legacy_literature,/Users/bait/Documents/ML-for-CryoMN/data/processed/parsed_formulations.csv,Transferred from previous viability-only project.
obs_legacy_lit_13_viability,legacy_lit_13,legacy_literature,legacy,viability_percent,86.8,percent,50.0,legacy_literature,/Users/bait/Documents/ML-for-CryoMN/data/processed/parsed_formulations.csv,Transferred from previous viability-only project.
obs_legacy_lit_15_viability,legacy_lit_15,legacy_literature,legacy,viability_percent,89.8,percent,50.0,legacy_literature,/Users/bait/Documents/ML-for-CryoMN/data/processed/parsed_formulations.csv,Transferred from previous viability-only project.
obs_legacy_lit_16_viability,legacy_lit_16,legacy_literature,legacy,viability_percent,95.7,percent,50.0,legacy_literature,/Users/bait/Documents/ML-for-CryoMN/data/processed/parsed_formulations.csv,Transferred from previous viability-only project.
obs_legacy_lit_18_viability,legacy_lit_18,legacy_literature,legacy,viability_percent,94.18,percent,50.0,legacy_literature,/Users/bait/Documents/ML-for-CryoMN/data/processed/parsed_formulations.csv,Transferred from previous viability-only project.
obs_legacy_lit_19_viability,legacy_lit_19,legacy_literature,legacy,viability_percent,92.35,percent,50.0,legacy_literature,/Users/bait/Documents/ML-for-CryoMN/data/processed/parsed_formulations.csv,Transferred from previous viability-only project.
obs_legacy_lit_20_viability,legacy_lit_20,legacy_literature,legacy,viability_percent,89.43,percent,50.0,legacy_literature,/Users/bait/Documents/ML-for-CryoMN/data/processed/parsed_formulations.csv,Transferred from previous viability-only project.
obs_legacy_lit_21_viability,legacy_lit_21,legacy_literature,legacy,viability_percent,68.0,percent,50.0,legacy_literature,/Users/bait/Documents/ML-for-CryoMN/data/processed/parsed_formulations.csv,Transferred from previous viability-only project.
obs_legacy_lit_22_viability,legacy_lit_22,legacy_literature,legacy,viability_percent,82.25,percent,50.0,legacy_literature,/Users/bait/Documents/ML-for-CryoMN/data/processed/parsed_formulations.csv,Transferred from previous viability-only project.
obs_legacy_lit_27_viability,legacy_lit_27,legacy_literature,legacy,viability_percent,70.0,percent,50.0,legacy_literature,/Users/bait/Documents/ML-for-CryoMN/data/processed/parsed_formulations.csv,Transferred from previous viability-only project.
obs_legacy_lit_29_viability,legacy_lit_29,legacy_literature,legacy,viability_percent,58.0,percent,50.0,legacy_literature,/Users/bait/Documents/ML-for-CryoMN/data/processed/parsed_formulations.csv,Transferred from previous viability-only project.
obs_legacy_lit_30_viability,legacy_lit_30,legacy_literature,legacy,viability_percent,10.0,percent,50.0,legacy_literature,/Users/bait/Documents/ML-for-CryoMN/data/processed/parsed_formulations.csv,Transferred from previous viability-only project.
obs_legacy_lit_31_viability,legacy_lit_31,legacy_literature,legacy,viability_percent,17.0,percent,50.0,legacy_literature,/Users/bait/Documents/ML-for-CryoMN/data/processed/parsed_formulations.csv,Transferred from previous viability-only project.
obs_legacy_lit_32_viability,legacy_lit_32,legacy_literature,legacy,viability_percent,20.0,percent,50.0,legacy_literature,/Users/bait/Documents/ML-for-CryoMN/data/processed/parsed_formulations.csv,Transferred from previous viability-only project.
obs_legacy_lit_33_viability,legacy_lit_33,legacy_literature,legacy,viability_percent,22.0,percent,50.0,legacy_literature,/Users/bait/Documents/ML-for-CryoMN/data/processed/parsed_formulations.csv,Transferred from previous viability-only project.
obs_legacy_lit_34_viability,legacy_lit_34,legacy_literature,legacy,viability_percent,50.0,percent,50.0,legacy_literature,/Users/bait/Documents/ML-for-CryoMN/data/processed/parsed_formulations.csv,Transferred from previous viability-only project.
obs_legacy_lit_35_viability,legacy_lit_35,legacy_literature,legacy,viability_percent,80.0,percent,50.0,legacy_literature,/Users/bait/Documents/ML-for-CryoMN/data/processed/parsed_formulations.csv,Transferred from previous viability-only project.
obs_legacy_lit_36_viability,legacy_lit_36,legacy_literature,legacy,viability_percent,70.0,percent,50.0,legacy_literature,/Users/bait/Documents/ML-for-CryoMN/data/processed/parsed_formulations.csv,Transferred from previous viability-only project.
obs_legacy_lit_37_viability,legacy_lit_37,legacy_literature,legacy,viability_percent,100.0,percent,50.0,legacy_literature,/Users/bait/Documents/ML-for-CryoMN/data/processed/parsed_formulations.csv,Transferred from previous viability-only project.
obs_legacy_lit_38_viability,legacy_lit_38,legacy_literature,legacy,viability_percent,100.0,percent,50.0,legacy_literature,/Users/bait/Documents/ML-for-CryoMN/data/processed/parsed_formulations.csv,Transferred from previous viability-only project.
obs_legacy_lit_39_viability,legacy_lit_39,legacy_literature,legacy,viability_percent,80.0,percent,50.0,legacy_literature,/Users/bait/Documents/ML-for-CryoMN/data/processed/parsed_formulations.csv,Transferred from previous viability-only project.
obs_legacy_lit_41_viability,legacy_lit_41,legacy_literature,legacy,viability_percent,51.5,percent,50.0,legacy_literature,/Users/bait/Documents/ML-for-CryoMN/data/processed/parsed_formulations.csv,Transferred from previous viability-only project.
obs_legacy_lit_43_viability,legacy_lit_43,legacy_literature,legacy,viability_percent,85.07,percent,50.0,legacy_literature,/Users/bait/Documents/ML-for-CryoMN/data/processed/parsed_formulations.csv,Transferred from previous viability-only project.
obs_legacy_lit_44_viability,legacy_lit_44,legacy_literature,legacy,viability_percent,22.0,percent,50.0,legacy_literature,/Users/bait/Documents/ML-for-CryoMN/data/processed/parsed_formulations.csv,Transferred from previous viability-only project.
obs_legacy_lit_45_viability,legacy_lit_45,legacy_literature,legacy,viability_percent,28.0,percent,50.0,legacy_literature,/Users/bait/Documents/ML-for-CryoMN/data/processed/parsed_formulations.csv,Transferred from previous viability-only project.
obs_legacy_lit_46_viability,legacy_lit_46,legacy_literature,legacy,viability_percent,65.0,percent,50.0,legacy_literature,/Users/bait/Documents/ML-for-CryoMN/data/processed/parsed_formulations.csv,Transferred from previous viability-only project.
obs_legacy_lit_47_viability,legacy_lit_47,legacy_literature,legacy,viability_percent,68.0,percent,50.0,legacy_literature,/Users/bait/Documents/ML-for-CryoMN/data/processed/parsed_formulations.csv,Transferred from previous viability-only project.
obs_legacy_lit_48_viability,legacy_lit_48,legacy_literature,legacy,viability_percent,85.65,percent,50.0,legacy_literature,/Users/bait/Documents/ML-for-CryoMN/data/processed/parsed_formulations.csv,Transferred from previous viability-only project.
obs_legacy_lit_49_viability,legacy_lit_49,legacy_literature,legacy,viability_percent,88.5,percent,50.0,legacy_literature,/Users/bait/Documents/ML-for-CryoMN/data/processed/parsed_formulations.csv,Transferred from previous viability-only project.
obs_legacy_lit_50_viability,legacy_lit_50,legacy_literature,legacy,viability_percent,70.6,percent,50.0,legacy_literature,/Users/bait/Documents/ML-for-CryoMN/data/processed/parsed_formulations.csv,Transferred from previous viability-only project.
obs_legacy_lit_51_viability,legacy_lit_51,legacy_literature,legacy,viability_percent,64.1,percent,50.0,legacy_literature,/Users/bait/Documents/ML-for-CryoMN/data/processed/parsed_formulations.csv,Transferred from previous viability-only project.
obs_legacy_lit_52_viability,legacy_lit_52,legacy_literature,legacy,viability_percent,47.0,percent,50.0,legacy_literature,/Users/bait/Documents/ML-for-CryoMN/data/processed/parsed_formulations.csv,Transferred from previous viability-only project.
obs_legacy_lit_53_viability,legacy_lit_53,legacy_literature,legacy,viability_percent,56.0,percent,50.0,legacy_literature,/Users/bait/Documents/ML-for-CryoMN/data/processed/parsed_formulations.csv,Transferred from previous viability-only project.
obs_legacy_lit_54_viability,legacy_lit_54,legacy_literature,legacy,viability_percent,65.0,percent,50.0,legacy_literature,/Users/bait/Documents/ML-for-CryoMN/data/processed/parsed_formulations.csv,Transferred from previous viability-only project.
obs_legacy_lit_55_viability,legacy_lit_55,legacy_literature,legacy,viability_percent,58.0,percent,50.0,legacy_literature,/Users/bait/Documents/ML-for-CryoMN/data/processed/parsed_formulations.csv,Transferred from previous viability-only project.
obs_legacy_lit_56_viability,legacy_lit_56,legacy_literature,legacy,viability_percent,63.333333333333336,percent,50.0,legacy_literature,/Users/bait/Documents/ML-for-CryoMN/data/processed/parsed_formulations.csv,Transferred from previous viability-only project.
obs_legacy_lit_57_viability,legacy_lit_57,legacy_literature,legacy,viability_percent,57.666666666666664,percent,50.0,legacy_literature,/Users/bait/Documents/ML-for-CryoMN/data/processed/parsed_formulations.csv,Transferred from previous viability-only project.
obs_legacy_lit_58_viability,legacy_lit_58,legacy_literature,legacy,viability_percent,50.0,percent,50.0,legacy_literature,/Users/bait/Documents/ML-for-CryoMN/data/processed/parsed_formulations.csv,Transferred from previous viability-only project.
obs_legacy_lit_59_viability,legacy_lit_59,legacy_literature,legacy,viability_percent,77.0,percent,50.0,legacy_literature,/Users/bait/Documents/ML-for-CryoMN/data/processed/parsed_formulations.csv,Transferred from previous viability-only project.
obs_legacy_lit_63_viability,legacy_lit_63,legacy_literature,legacy,viability_percent,80.0,percent,50.0,legacy_literature,/Users/bait/Documents/ML-for-CryoMN/data/processed/parsed_formulations.csv,Transferred from previous viability-only project.
obs_legacy_lit_65_viability,legacy_lit_65,legacy_literature,legacy,viability_percent,81.33333333333333,percent,50.0,legacy_literature,/Users/bait/Documents/ML-for-CryoMN/data/processed/parsed_formulations.csv,Transferred from previous viability-only project.
obs_legacy_lit_67_viability,legacy_lit_67,legacy_literature,legacy,viability_percent,56.0,percent,50.0,legacy_literature,/Users/bait/Documents/ML-for-CryoMN/data/processed/parsed_formulations.csv,Transferred from previous viability-only project.
obs_legacy_lit_68_viability,legacy_lit_68,legacy_literature,legacy,viability_percent,74.0,percent,50.0,legacy_literature,/Users/bait/Documents/ML-for-CryoMN/data/processed/parsed_formulations.csv,Transferred from previous viability-only project.
obs_legacy_lit_69_viability,legacy_lit_69,legacy_literature,legacy,viability_percent,92.0,percent,50.0,legacy_literature,/Users/bait/Documents/ML-for-CryoMN/data/processed/parsed_formulations.csv,Transferred from previous viability-only project.
obs_legacy_lit_70_viability,legacy_lit_70,legacy_literature,legacy,viability_percent,47.0,percent,50.0,legacy_literature,/Users/bait/Documents/ML-for-CryoMN/data/processed/parsed_formulations.csv,Transferred from previous viability-only project.
obs_legacy_lit_71_viability,legacy_lit_71,legacy_literature,legacy,viability_percent,76.0,percent,50.0,legacy_literature,/Users/bait/Documents/ML-for-CryoMN/data/processed/parsed_formulations.csv,Transferred from previous viability-only project.
obs_legacy_lit_74_viability,legacy_lit_74,legacy_literature,legacy,viability_percent,78.0,percent,50.0,legacy_literature,/Users/bait/Documents/ML-for-CryoMN/data/processed/parsed_formulations.csv,Transferred from previous viability-only project.
obs_legacy_lit_75_viability,legacy_lit_75,legacy_literature,legacy,viability_percent,83.0,percent,50.0,legacy_literature,/Users/bait/Documents/ML-for-CryoMN/data/processed/parsed_formulations.csv,Transferred from previous viability-only project.
obs_legacy_lit_76_viability,legacy_lit_76,legacy_literature,legacy,viability_percent,21.0,percent,50.0,legacy_literature,/Users/bait/Documents/ML-for-CryoMN/data/processed/parsed_formulations.csv,Transferred from previous viability-only project.
obs_legacy_lit_77_viability,legacy_lit_77,legacy_literature,legacy,viability_percent,28.0,percent,50.0,legacy_literature,/Users/bait/Documents/ML-for-CryoMN/data/processed/parsed_formulations.csv,Transferred from previous viability-only project.
obs_legacy_lit_78_viability,legacy_lit_78,legacy_literature,legacy,viability_percent,36.0,percent,50.0,legacy_literature,/Users/bait/Documents/ML-for-CryoMN/data/processed/parsed_formulations.csv,Transferred from previous viability-only project.
obs_legacy_lit_79_viability,legacy_lit_79,legacy_literature,legacy,viability_percent,38.0,percent,50.0,legacy_literature,/Users/bait/Documents/ML-for-CryoMN/data/processed/parsed_formulations.csv,Transferred from previous viability-only project.
obs_legacy_lit_84_viability,legacy_lit_84,legacy_literature,legacy,viability_percent,82.5,percent,50.0,legacy_literature,/Users/bait/Documents/ML-for-CryoMN/data/processed/parsed_formulations.csv,Transferred from previous viability-only project.
obs_legacy_lit_85_viability,legacy_lit_85,legacy_literature,legacy,viability_percent,82.6,percent,50.0,legacy_literature,/Users/bait/Documents/ML-for-CryoMN/data/processed/parsed_formulations.csv,Transferred from previous viability-only project.
obs_legacy_lit_86_viability,legacy_lit_86,legacy_literature,legacy,viability_percent,5.7,percent,50.0,legacy_literature,/Users/bait/Documents/ML-for-CryoMN/data/processed/parsed_formulations.csv,Transferred from previous viability-only project.
obs_legacy_lit_87_viability,legacy_lit_87,legacy_literature,legacy,viability_percent,49.3,percent,50.0,legacy_literature,/Users/bait/Documents/ML-for-CryoMN/data/processed/parsed_formulations.csv,Transferred from previous viability-only project.
obs_legacy_lit_88_viability,legacy_lit_88,legacy_literature,legacy,viability_percent,69.7,percent,50.0,legacy_literature,/Users/bait/Documents/ML-for-CryoMN/data/processed/parsed_formulations.csv,Transferred from previous viability-only project.
obs_legacy_lit_89_viability,legacy_lit_89,legacy_literature,legacy,viability_percent,55.5,percent,50.0,legacy_literature,/Users/bait/Documents/ML-for-CryoMN/data/processed/parsed_formulations.csv,Transferred from previous viability-only project.
obs_legacy_lit_90_viability,legacy_lit_90,legacy_literature,legacy,viability_percent,4.6,percent,50.0,legacy_literature,/Users/bait/Documents/ML-for-CryoMN/data/processed/parsed_formulations.csv,Transferred from previous viability-only project.
obs_legacy_lit_91_viability,legacy_lit_91,legacy_literature,legacy,viability_percent,53.2,percent,50.0,legacy_literature,/Users/bait/Documents/ML-for-CryoMN/data/processed/parsed_formulations.csv,Transferred from previous viability-only project.
obs_legacy_lit_92_viability,legacy_lit_92,legacy_literature,legacy,viability_percent,72.1,percent,50.0,legacy_literature,/Users/bait/Documents/ML-for-CryoMN/data/processed/parsed_formulations.csv,Transferred from previous viability-only project.
obs_legacy_lit_93_viability,legacy_lit_93,legacy_literature,legacy,viability_percent,61.8,percent,50.0,legacy_literature,/Users/bait/Documents/ML-for-CryoMN/data/processed/parsed_formulations.csv,Transferred from previous viability-only project.
obs_legacy_lit_94_viability,legacy_lit_94,legacy_literature,legacy,viability_percent,55.4,percent,50.0,legacy_literature,/Users/bait/Documents/ML-for-CryoMN/data/processed/parsed_formulations.csv,Transferred from previous viability-only project.
obs_legacy_lit_95_viability,legacy_lit_95,legacy_literature,legacy,viability_percent,69.2,percent,50.0,legacy_literature,/Users/bait/Documents/ML-for-CryoMN/data/processed/parsed_formulations.csv,Transferred from previous viability-only project.
obs_legacy_lit_96_viability,legacy_lit_96,legacy_literature,legacy,viability_percent,64.3,percent,50.0,legacy_literature,/Users/bait/Documents/ML-for-CryoMN/data/processed/parsed_formulations.csv,Transferred from previous viability-only project.
obs_legacy_lit_97_viability,legacy_lit_97,legacy_literature,legacy,viability_percent,70.5,percent,50.0,legacy_literature,/Users/bait/Documents/ML-for-CryoMN/data/processed/parsed_formulations.csv,Transferred from previous viability-only project.
obs_legacy_lit_98_viability,legacy_lit_98,legacy_literature,legacy,viability_percent,72.5,percent,50.0,legacy_literature,/Users/bait/Documents/ML-for-CryoMN/data/processed/parsed_formulations.csv,Transferred from previous viability-only project.
obs_legacy_lit_99_viability,legacy_lit_99,legacy_literature,legacy,viability_percent,65.0,percent,50.0,legacy_literature,/Users/bait/Documents/ML-for-CryoMN/data/processed/parsed_formulations.csv,Transferred from previous viability-only project.
obs_legacy_lit_100_viability,legacy_lit_100,legacy_literature,legacy,viability_percent,75.0,percent,50.0,legacy_literature,/Users/bait/Documents/ML-for-CryoMN/data/processed/parsed_formulations.csv,Transferred from previous viability-only project.
obs_legacy_lit_101_viability,legacy_lit_101,legacy_literature,legacy,viability_percent,77.0,percent,50.0,legacy_literature,/Users/bait/Documents/ML-for-CryoMN/data/processed/parsed_formulations.csv,Transferred from previous viability-only project.
obs_legacy_lit_102_viability,legacy_lit_102,legacy_literature,legacy,viability_percent,43.0,percent,50.0,legacy_literature,/Users/bait/Documents/ML-for-CryoMN/data/processed/parsed_formulations.csv,Transferred from previous viability-only project.
obs_legacy_lit_103_viability,legacy_lit_103,legacy_literature,legacy,viability_percent,68.0,percent,50.0,legacy_literature,/Users/bait/Documents/ML-for-CryoMN/data/processed/parsed_formulations.csv,Transferred from previous viability-only project.
obs_legacy_lit_104_viability,legacy_lit_104,legacy_literature,legacy,viability_percent,67.0,percent,50.0,legacy_literature,/Users/bait/Documents/ML-for-CryoMN/data/processed/parsed_formulations.csv,Transferred from previous viability-only project.
obs_legacy_lit_109_viability,legacy_lit_109,legacy_literature,legacy,viability_percent,95.0,percent,50.0,legacy_literature,/Users/bait/Documents/ML-for-CryoMN/data/processed/parsed_formulations.csv,Transferred from previous viability-only project.
obs_legacy_lit_112_viability,legacy_lit_112,legacy_literature,legacy,viability_percent,31.883333333333336,percent,50.0,legacy_literature,/Users/bait/Documents/ML-for-CryoMN/data/processed/parsed_formulations.csv,Transferred from previous viability-only project.
obs_legacy_lit_114_viability,legacy_lit_114,legacy_literature,legacy,viability_percent,87.56,percent,50.0,legacy_literature,/Users/bait/Documents/ML-for-CryoMN/data/processed/parsed_formulations.csv,Transferred from previous viability-only project.
obs_legacy_lit_115_viability,legacy_lit_115,legacy_literature,legacy,viability_percent,86.0,percent,50.0,legacy_literature,/Users/bait/Documents/ML-for-CryoMN/data/processed/parsed_formulations.csv,Transferred from previous viability-only project.
obs_legacy_lit_116_viability,legacy_lit_116,legacy_literature,legacy,viability_percent,85.6,percent,50.0,legacy_literature,/Users/bait/Documents/ML-for-CryoMN/data/processed/parsed_formulations.csv,Transferred from previous viability-only project.
obs_legacy_lit_118_viability,legacy_lit_118,legacy_literature,legacy,viability_percent,46.8,percent,50.0,legacy_literature,/Users/bait/Documents/ML-for-CryoMN/data/processed/parsed_formulations.csv,Transferred from previous viability-only project.
obs_legacy_lit_119_viability,legacy_lit_119,legacy_literature,legacy,viability_percent,40.0,percent,50.0,legacy_literature,/Users/bait/Documents/ML-for-CryoMN/data/processed/parsed_formulations.csv,Transferred from previous viability-only project.
obs_legacy_lit_120_viability,legacy_lit_120,legacy_literature,legacy,viability_percent,40.0,percent,50.0,legacy_literature,/Users/bait/Documents/ML-for-CryoMN/data/processed/parsed_formulations.csv,Transferred from previous viability-only project.
obs_legacy_lit_121_viability,legacy_lit_121,legacy_literature,legacy,viability_percent,79.8,percent,50.0,legacy_literature,/Users/bait/Documents/ML-for-CryoMN/data/processed/parsed_formulations.csv,Transferred from previous viability-only project.
obs_legacy_lit_126_viability,legacy_lit_126,legacy_literature,legacy,viability_percent,82.9,percent,50.0,legacy_literature,/Users/bait/Documents/ML-for-CryoMN/data/processed/parsed_formulations.csv,Transferred from previous viability-only project.
obs_legacy_lit_127_viability,legacy_lit_127,legacy_literature,legacy,viability_percent,70.0,percent,50.0,legacy_literature,/Users/bait/Documents/ML-for-CryoMN/data/processed/parsed_formulations.csv,Transferred from previous viability-only project.
obs_legacy_lit_128_viability,legacy_lit_128,legacy_literature,legacy,viability_percent,80.0,percent,50.0,legacy_literature,/Users/bait/Documents/ML-for-CryoMN/data/processed/parsed_formulations.csv,Transferred from previous viability-only project.
obs_legacy_lit_129_viability,legacy_lit_129,legacy_literature,legacy,viability_percent,56.0,percent,50.0,legacy_literature,/Users/bait/Documents/ML-for-CryoMN/data/processed/parsed_formulations.csv,Transferred from previous viability-only project.
obs_legacy_lit_130_viability,legacy_lit_130,legacy_literature,legacy,viability_percent,65.0,percent,50.0,legacy_literature,/Users/bait/Documents/ML-for-CryoMN/data/processed/parsed_formulations.csv,Transferred from previous viability-only project.
obs_legacy_lit_131_viability,legacy_lit_131,legacy_literature,legacy,viability_percent,32.0,percent,50.0,legacy_literature,/Users/bait/Documents/ML-for-CryoMN/data/processed/parsed_formulations.csv,Transferred from previous viability-only project.
obs_legacy_lit_132_viability,legacy_lit_132,legacy_literature,legacy,viability_percent,38.0,percent,50.0,legacy_literature,/Users/bait/Documents/ML-for-CryoMN/data/processed/parsed_formulations.csv,Transferred from previous viability-only project.
obs_legacy_lit_133_viability,legacy_lit_133,legacy_literature,legacy,viability_percent,68.0,percent,50.0,legacy_literature,/Users/bait/Documents/ML-for-CryoMN/data/processed/parsed_formulations.csv,Transferred from previous viability-only project.
obs_legacy_lit_134_viability,legacy_lit_134,legacy_literature,legacy,viability_percent,73.0,percent,50.0,legacy_literature,/Users/bait/Documents/ML-for-CryoMN/data/processed/parsed_formulations.csv,Transferred from previous viability-only project.
obs_legacy_lit_135_viability,legacy_lit_135,legacy_literature,legacy,viability_percent,60.0,percent,50.0,legacy_literature,/Users/bait/Documents/ML-for-CryoMN/data/processed/parsed_formulations.csv,Transferred from previous viability-only project.
obs_legacy_lit_136_viability,legacy_lit_136,legacy_literature,legacy,viability_percent,40.0,percent,50.0,legacy_literature,/Users/bait/Documents/ML-for-CryoMN/data/processed/parsed_formulations.csv,Transferred from previous viability-only project.
obs_legacy_lit_137_viability,legacy_lit_137,legacy_literature,legacy,viability_percent,70.0,percent,50.0,legacy_literature,/Users/bait/Documents/ML-for-CryoMN/data/processed/parsed_formulations.csv,Transferred from previous viability-only project.
obs_legacy_lit_138_viability,legacy_lit_138,legacy_literature,legacy,viability_percent,0.0,percent,50.0,legacy_literature,/Users/bait/Documents/ML-for-CryoMN/data/processed/parsed_formulations.csv,Transferred from previous viability-only project.
obs_legacy_lit_194_viability,legacy_lit_194,legacy_literature,legacy,viability_percent,55.0,percent,50.0,legacy_literature,/Users/bait/Documents/ML-for-CryoMN/data/processed/parsed_formulations.csv,Transferred from previous viability-only project.
obs_legacy_lit_195_viability,legacy_lit_195,legacy_literature,legacy,viability_percent,58.0,percent,50.0,legacy_literature,/Users/bait/Documents/ML-for-CryoMN/data/processed/parsed_formulations.csv,Transferred from previous viability-only project.
obs_legacy_lit_196_viability,legacy_lit_196,legacy_literature,legacy,viability_percent,80.0,percent,50.0,legacy_literature,/Users/bait/Documents/ML-for-CryoMN/data/processed/parsed_formulations.csv,Transferred from previous viability-only project.
obs_legacy_lit_197_viability,legacy_lit_197,legacy_literature,legacy,viability_percent,83.0,percent,50.0,legacy_literature,/Users/bait/Documents/ML-for-CryoMN/data/processed/parsed_formulations.csv,Transferred from previous viability-only project.
obs_legacy_lit_198_viability,legacy_lit_198,legacy_literature,legacy,viability_percent,86.0,percent,50.0,legacy_literature,/Users/bait/Documents/ML-for-CryoMN/data/processed/parsed_formulations.csv,Transferred from previous viability-only project.
obs_legacy_lit_199_viability,legacy_lit_199,legacy_literature,legacy,viability_percent,80.0,percent,50.0,legacy_literature,/Users/bait/Documents/ML-for-CryoMN/data/processed/parsed_formulations.csv,Transferred from previous viability-only project.
obs_legacy_lit_200_viability,legacy_lit_200,legacy_literature,legacy,viability_percent,80.0,percent,50.0,legacy_literature,/Users/bait/Documents/ML-for-CryoMN/data/processed/parsed_formulations.csv,Transferred from previous viability-only project.
obs_legacy_lit_202_viability,legacy_lit_202,legacy_literature,legacy,viability_percent,65.0,percent,50.0,legacy_literature,/Users/bait/Documents/ML-for-CryoMN/data/processed/parsed_formulations.csv,Transferred from previous viability-only project.
obs_legacy_lit_203_viability,legacy_lit_203,legacy_literature,legacy,viability_percent,63.0,percent,50.0,legacy_literature,/Users/bait/Documents/ML-for-CryoMN/data/processed/parsed_formulations.csv,Transferred from previous viability-only project.
obs_legacy_lit_204_viability,legacy_lit_204,legacy_literature,legacy,viability_percent,67.0,percent,50.0,legacy_literature,/Users/bait/Documents/ML-for-CryoMN/data/processed/parsed_formulations.csv,Transferred from previous viability-only project.
obs_legacy_lit_205_viability,legacy_lit_205,legacy_literature,legacy,viability_percent,75.0,percent,50.0,legacy_literature,/Users/bait/Documents/ML-for-CryoMN/data/processed/parsed_formulations.csv,Transferred from previous viability-only project.
obs_legacy_lit_206_viability,legacy_lit_206,legacy_literature,legacy,viability_percent,70.0,percent,50.0,legacy_literature,/Users/bait/Documents/ML-for-CryoMN/data/processed/parsed_formulations.csv,Transferred from previous viability-only project.
obs_legacy_lit_207_viability,legacy_lit_207,legacy_literature,legacy,viability_percent,70.0,percent,50.0,legacy_literature,/Users/bait/Documents/ML-for-CryoMN/data/processed/parsed_formulations.csv,Transferred from previous viability-only project.
obs_legacy_lit_208_viability,legacy_lit_208,legacy_literature,legacy,viability_percent,78.0,percent,50.0,legacy_literature,/Users/bait/Documents/ML-for-CryoMN/data/processed/parsed_formulations.csv,Transferred from previous viability-only project.
obs_legacy_lit_209_viability,legacy_lit_209,legacy_literature,legacy,viability_percent,70.0,percent,50.0,legacy_literature,/Users/bait/Documents/ML-for-CryoMN/data/processed/parsed_formulations.csv,Transferred from previous viability-only project.
obs_legacy_lit_212_viability,legacy_lit_212,legacy_literature,legacy,viability_percent,69.66666666666667,percent,50.0,legacy_literature,/Users/bait/Documents/ML-for-CryoMN/data/processed/parsed_formulations.csv,Transferred from previous viability-only project.
obs_legacy_lit_215_viability,legacy_lit_215,legacy_literature,legacy,viability_percent,78.33333333333333,percent,50.0,legacy_literature,/Users/bait/Documents/ML-for-CryoMN/data/processed/parsed_formulations.csv,Transferred from previous viability-only project.
obs_legacy_lit_218_viability,legacy_lit_218,legacy_literature,legacy,viability_percent,65.0,percent,50.0,legacy_literature,/Users/bait/Documents/ML-for-CryoMN/data/processed/parsed_formulations.csv,Transferred from previous viability-only project.
obs_legacy_lit_221_viability,legacy_lit_221,legacy_literature,legacy,viability_percent,70.66666666666667,percent,50.0,legacy_literature,/Users/bait/Documents/ML-for-CryoMN/data/processed/parsed_formulations.csv,Transferred from previous viability-only project.
obs_legacy_lit_224_viability,legacy_lit_224,legacy_literature,legacy,viability_percent,91.0,percent,50.0,legacy_literature,/Users/bait/Documents/ML-for-CryoMN/data/processed/parsed_formulations.csv,Transferred from previous viability-only project.
obs_legacy_lit_225_viability,legacy_lit_225,legacy_literature,legacy,viability_percent,38.0,percent,50.0,legacy_literature,/Users/bait/Documents/ML-for-CryoMN/data/processed/parsed_formulations.csv,Transferred from previous viability-only project.
obs_legacy_lit_235_viability,legacy_lit_235,legacy_literature,legacy,viability_percent,80.0,percent,50.0,legacy_literature,/Users/bait/Documents/ML-for-CryoMN/data/processed/parsed_formulations.csv,Transferred from previous viability-only project.
obs_legacy_lit_236_viability,legacy_lit_236,legacy_literature,legacy,viability_percent,83.4,percent,50.0,legacy_literature,/Users/bait/Documents/ML-for-CryoMN/data/processed/parsed_formulations.csv,Transferred from previous viability-only project.
obs_legacy_lit_237_viability,legacy_lit_237,legacy_literature,legacy,viability_percent,93.4,percent,50.0,legacy_literature,/Users/bait/Documents/ML-for-CryoMN/data/processed/parsed_formulations.csv,Transferred from previous viability-only project.
obs_legacy_lit_251_viability,legacy_lit_251,legacy_literature,legacy,viability_percent,5.0,percent,50.0,legacy_literature,/Users/bait/Documents/ML-for-CryoMN/data/processed/parsed_formulations.csv,Transferred from previous viability-only project.
obs_legacy_lit_252_viability,legacy_lit_252,legacy_literature,legacy,viability_percent,17.0,percent,50.0,legacy_literature,/Users/bait/Documents/ML-for-CryoMN/data/processed/parsed_formulations.csv,Transferred from previous viability-only project.
obs_legacy_lit_253_viability,legacy_lit_253,legacy_literature,legacy,viability_percent,60.0,percent,50.0,legacy_literature,/Users/bait/Documents/ML-for-CryoMN/data/processed/parsed_formulations.csv,Transferred from previous viability-only project.
obs_legacy_lit_254_viability,legacy_lit_254,legacy_literature,legacy,viability_percent,80.0,percent,50.0,legacy_literature,/Users/bait/Documents/ML-for-CryoMN/data/processed/parsed_formulations.csv,Transferred from previous viability-only project.
obs_legacy_lit_255_viability,legacy_lit_255,legacy_literature,legacy,viability_percent,9.833333333333334,percent,50.0,legacy_literature,/Users/bait/Documents/ML-for-CryoMN/data/processed/parsed_formulations.csv,Transferred from previous viability-only project.
obs_legacy_lit_256_viability,legacy_lit_256,legacy_literature,legacy,viability_percent,30.666666666666668,percent,50.0,legacy_literature,/Users/bait/Documents/ML-for-CryoMN/data/processed/parsed_formulations.csv,Transferred from previous viability-only project.
obs_legacy_lit_257_viability,legacy_lit_257,legacy_literature,legacy,viability_percent,62.0,percent,50.0,legacy_literature,/Users/bait/Documents/ML-for-CryoMN/data/processed/parsed_formulations.csv,Transferred from previous viability-only project.
obs_legacy_lit_258_viability,legacy_lit_258,legacy_literature,legacy,viability_percent,78.0,percent,50.0,legacy_literature,/Users/bait/Documents/ML-for-CryoMN/data/processed/parsed_formulations.csv,Transferred from previous viability-only project.
obs_legacy_lit_259_viability,legacy_lit_259,legacy_literature,legacy,viability_percent,7.0,percent,50.0,legacy_literature,/Users/bait/Documents/ML-for-CryoMN/data/processed/parsed_formulations.csv,Transferred from previous viability-only project.
obs_legacy_lit_260_viability,legacy_lit_260,legacy_literature,legacy,viability_percent,19.0,percent,50.0,legacy_literature,/Users/bait/Documents/ML-for-CryoMN/data/processed/parsed_formulations.csv,Transferred from previous viability-only project.
obs_legacy_lit_261_viability,legacy_lit_261,legacy_literature,legacy,viability_percent,75.0,percent,50.0,legacy_literature,/Users/bait/Documents/ML-for-CryoMN/data/processed/parsed_formulations.csv,Transferred from previous viability-only project.
obs_legacy_lit_262_viability,legacy_lit_262,legacy_literature,legacy,viability_percent,80.0,percent,50.0,legacy_literature,/Users/bait/Documents/ML-for-CryoMN/data/processed/parsed_formulations.csv,Transferred from previous viability-only project.
obs_legacy_lit_274_viability,legacy_lit_274,legacy_literature,legacy,viability_percent,18.0,percent,50.0,legacy_literature,/Users/bait/Documents/ML-for-CryoMN/data/processed/parsed_formulations.csv,Transferred from previous viability-only project.
obs_legacy_lit_275_viability,legacy_lit_275,legacy_literature,legacy,viability_percent,30.0,percent,50.0,legacy_literature,/Users/bait/Documents/ML-for-CryoMN/data/processed/parsed_formulations.csv,Transferred from previous viability-only project.
obs_legacy_lit_276_viability,legacy_lit_276,legacy_literature,legacy,viability_percent,78.0,percent,50.0,legacy_literature,/Users/bait/Documents/ML-for-CryoMN/data/processed/parsed_formulations.csv,Transferred from previous viability-only project.
obs_legacy_lit_277_viability,legacy_lit_277,legacy_literature,legacy,viability_percent,84.0,percent,50.0,legacy_literature,/Users/bait/Documents/ML-for-CryoMN/data/processed/parsed_formulations.csv,Transferred from previous viability-only project.
obs_legacy_lit_278_viability,legacy_lit_278,legacy_literature,legacy,viability_percent,40.0,percent,50.0,legacy_literature,/Users/bait/Documents/ML-for-CryoMN/data/processed/parsed_formulations.csv,Transferred from previous viability-only project.
obs_legacy_lit_281_viability,legacy_lit_281,legacy_literature,legacy,viability_percent,74.0,percent,50.0,legacy_literature,/Users/bait/Documents/ML-for-CryoMN/data/processed/parsed_formulations.csv,Transferred from previous viability-only project.
obs_legacy_lit_287_viability,legacy_lit_287,legacy_literature,legacy,viability_percent,60.0,percent,50.0,legacy_literature,/Users/bait/Documents/ML-for-CryoMN/data/processed/parsed_formulations.csv,Transferred from previous viability-only project.
obs_legacy_lit_288_viability,legacy_lit_288,legacy_literature,legacy,viability_percent,82.0,percent,50.0,legacy_literature,/Users/bait/Documents/ML-for-CryoMN/data/processed/parsed_formulations.csv,Transferred from previous viability-only project.
obs_legacy_lit_289_viability,legacy_lit_289,legacy_literature,legacy,viability_percent,94.0,percent,50.0,legacy_literature,/Users/bait/Documents/ML-for-CryoMN/data/processed/parsed_formulations.csv,Transferred from previous viability-only project.
obs_legacy_lit_299_viability,legacy_lit_299,legacy_literature,legacy,viability_percent,62.666666666666664,percent,50.0,legacy_literature,/Users/bait/Documents/ML-for-CryoMN/data/processed/parsed_formulations.csv,Transferred from previous viability-only project.
obs_legacy_lit_306_viability,legacy_lit_306,legacy_literature,legacy,viability_percent,99.0,percent,50.0,legacy_literature,/Users/bait/Documents/ML-for-CryoMN/data/processed/parsed_formulations.csv,Transferred from previous viability-only project.
obs_legacy_lit_308_viability,legacy_lit_308,legacy_literature,legacy,viability_percent,83.0,percent,50.0,legacy_literature,/Users/bait/Documents/ML-for-CryoMN/data/processed/parsed_formulations.csv,Transferred from previous viability-only project.
obs_legacy_lit_309_viability,legacy_lit_309,legacy_literature,legacy,viability_percent,99.0,percent,50.0,legacy_literature,/Users/bait/Documents/ML-for-CryoMN/data/processed/parsed_formulations.csv,Transferred from previous viability-only project.
obs_legacy_lit_310_viability,legacy_lit_310,legacy_literature,legacy,viability_percent,87.0,percent,50.0,legacy_literature,/Users/bait/Documents/ML-for-CryoMN/data/processed/parsed_formulations.csv,Transferred from previous viability-only project.
obs_legacy_lit_313_viability,legacy_lit_313,legacy_literature,legacy,viability_percent,10.0,percent,50.0,legacy_literature,/Users/bait/Documents/ML-for-CryoMN/data/processed/parsed_formulations.csv,Transferred from previous viability-only project.
obs_legacy_lit_314_viability,legacy_lit_314,legacy_literature,legacy,viability_percent,10.0,percent,50.0,legacy_literature,/Users/bait/Documents/ML-for-CryoMN/data/processed/parsed_formulations.csv,Transferred from previous viability-only project.
obs_legacy_lit_315_viability,legacy_lit_315,legacy_literature,legacy,viability_percent,10.0,percent,50.0,legacy_literature,/Users/bait/Documents/ML-for-CryoMN/data/processed/parsed_formulations.csv,Transferred from previous viability-only project.
obs_legacy_lit_316_viability,legacy_lit_316,legacy_literature,legacy,viability_percent,73.0,percent,50.0,legacy_literature,/Users/bait/Documents/ML-for-CryoMN/data/processed/parsed_formulations.csv,Transferred from previous viability-only project.
obs_legacy_lit_317_viability,legacy_lit_317,legacy_literature,legacy,viability_percent,45.0,percent,50.0,legacy_literature,/Users/bait/Documents/ML-for-CryoMN/data/processed/parsed_formulations.csv,Transferred from previous viability-only project.
obs_legacy_lit_318_viability,legacy_lit_318,legacy_literature,legacy,viability_percent,38.0,percent,50.0,legacy_literature,/Users/bait/Documents/ML-for-CryoMN/data/processed/parsed_formulations.csv,Transferred from previous viability-only project.
obs_legacy_lit_319_viability,legacy_lit_319,legacy_literature,legacy,viability_percent,80.0,percent,50.0,legacy_literature,/Users/bait/Documents/ML-for-CryoMN/data/processed/parsed_formulations.csv,Transferred from previous viability-only project.
obs_legacy_lit_322_viability,legacy_lit_322,legacy_literature,legacy,viability_percent,63.02,percent,50.0,legacy_literature,/Users/bait/Documents/ML-for-CryoMN/data/processed/parsed_formulations.csv,Transferred from previous viability-only project.
obs_legacy_lit_323_viability,legacy_lit_323,legacy_literature,legacy,viability_percent,77.66666666666667,percent,50.0,legacy_literature,/Users/bait/Documents/ML-for-CryoMN/data/processed/parsed_formulations.csv,Transferred from previous viability-only project.
obs_legacy_lit_326_viability,legacy_lit_326,legacy_literature,legacy,viability_percent,74.33333333333333,percent,50.0,legacy_literature,/Users/bait/Documents/ML-for-CryoMN/data/processed/parsed_formulations.csv,Transferred from previous viability-only project.
obs_legacy_lit_329_viability,legacy_lit_329,legacy_literature,legacy,viability_percent,61.666666666666664,percent,50.0,legacy_literature,/Users/bait/Documents/ML-for-CryoMN/data/processed/parsed_formulations.csv,Transferred from previous viability-only project.
obs_legacy_lit_332_viability,legacy_lit_332,legacy_literature,legacy,viability_percent,72.0,percent,50.0,legacy_literature,/Users/bait/Documents/ML-for-CryoMN/data/processed/parsed_formulations.csv,Transferred from previous viability-only project.
obs_legacy_lit_338_viability,legacy_lit_338,legacy_literature,legacy,viability_percent,84.3,percent,50.0,legacy_literature,/Users/bait/Documents/ML-for-CryoMN/data/processed/parsed_formulations.csv,Transferred from previous viability-only project.
obs_legacy_lit_339_viability,legacy_lit_339,legacy_literature,legacy,viability_percent,84.3,percent,50.0,legacy_literature,/Users/bait/Documents/ML-for-CryoMN/data/processed/parsed_formulations.csv,Transferred from previous viability-only project.
obs_legacy_lit_341_viability,legacy_lit_341,legacy_literature,legacy,viability_percent,81.0,percent,50.0,legacy_literature,/Users/bait/Documents/ML-for-CryoMN/data/processed/parsed_formulations.csv,Transferred from previous viability-only project.
obs_legacy_lit_343_viability,legacy_lit_343,legacy_literature,legacy,viability_percent,60.6,percent,50.0,legacy_literature,/Users/bait/Documents/ML-for-CryoMN/data/processed/parsed_formulations.csv,Transferred from previous viability-only project.
obs_legacy_lit_346_viability,legacy_lit_346,legacy_literature,legacy,viability_percent,68.5,percent,50.0,legacy_literature,/Users/bait/Documents/ML-for-CryoMN/data/processed/parsed_formulations.csv,Transferred from previous viability-only project.
obs_legacy_lit_347_viability,legacy_lit_347,legacy_literature,legacy,viability_percent,69.5,percent,50.0,legacy_literature,/Users/bait/Documents/ML-for-CryoMN/data/processed/parsed_formulations.csv,Transferred from previous viability-only project.
obs_legacy_lit_349_viability,legacy_lit_349,legacy_literature,legacy,viability_percent,70.0,percent,50.0,legacy_literature,/Users/bait/Documents/ML-for-CryoMN/data/processed/parsed_formulations.csv,Transferred from previous viability-only project.
obs_legacy_lit_350_viability,legacy_lit_350,legacy_literature,legacy,viability_percent,71.0,percent,50.0,legacy_literature,/Users/bait/Documents/ML-for-CryoMN/data/processed/parsed_formulations.csv,Transferred from previous viability-only project.
obs_legacy_lit_351_viability,legacy_lit_351,legacy_literature,legacy,viability_percent,73.1,percent,50.0,legacy_literature,/Users/bait/Documents/ML-for-CryoMN/data/processed/parsed_formulations.csv,Transferred from previous viability-only project.
obs_legacy_lit_352_viability,legacy_lit_352,legacy_literature,legacy,viability_percent,69.6,percent,50.0,legacy_literature,/Users/bait/Documents/ML-for-CryoMN/data/processed/parsed_formulations.csv,Transferred from previous viability-only project.
obs_legacy_lit_353_viability,legacy_lit_353,legacy_literature,legacy,viability_percent,72.0,percent,50.0,legacy_literature,/Users/bait/Documents/ML-for-CryoMN/data/processed/parsed_formulations.csv,Transferred from previous viability-only project.
obs_legacy_lit_354_viability,legacy_lit_354,legacy_literature,legacy,viability_percent,73.8,percent,50.0,legacy_literature,/Users/bait/Documents/ML-for-CryoMN/data/processed/parsed_formulations.csv,Transferred from previous viability-only project.
obs_legacy_lit_355_viability,legacy_lit_355,legacy_literature,legacy,viability_percent,68.2,percent,50.0,legacy_literature,/Users/bait/Documents/ML-for-CryoMN/data/processed/parsed_formulations.csv,Transferred from previous viability-only project.
obs_legacy_lit_356_viability,legacy_lit_356,legacy_literature,legacy,viability_percent,73.0,percent,50.0,legacy_literature,/Users/bait/Documents/ML-for-CryoMN/data/processed/parsed_formulations.csv,Transferred from previous viability-only project.
obs_legacy_lit_357_viability,legacy_lit_357,legacy_literature,legacy,viability_percent,74.9,percent,50.0,legacy_literature,/Users/bait/Documents/ML-for-CryoMN/data/processed/parsed_formulations.csv,Transferred from previous viability-only project.
obs_legacy_lit_358_viability,legacy_lit_358,legacy_literature,legacy,viability_percent,42.4,percent,50.0,legacy_literature,/Users/bait/Documents/ML-for-CryoMN/data/processed/parsed_formulations.csv,Transferred from previous viability-only project.
obs_legacy_lit_359_viability,legacy_lit_359,legacy_literature,legacy,viability_percent,47.6,percent,50.0,legacy_literature,/Users/bait/Documents/ML-for-CryoMN/data/processed/parsed_formulations.csv,Transferred from previous viability-only project.
obs_legacy_lit_360_viability,legacy_lit_360,legacy_literature,legacy,viability_percent,52.1,percent,50.0,legacy_literature,/Users/bait/Documents/ML-for-CryoMN/data/processed/parsed_formulations.csv,Transferred from previous viability-only project.
obs_legacy_lit_361_viability,legacy_lit_361,legacy_literature,legacy,viability_percent,50.3,percent,50.0,legacy_literature,/Users/bait/Documents/ML-for-CryoMN/data/processed/parsed_formulations.csv,Transferred from previous viability-only project.
obs_legacy_lit_362_viability,legacy_lit_362,legacy_literature,legacy,viability_percent,55.3,percent,50.0,legacy_literature,/Users/bait/Documents/ML-for-CryoMN/data/processed/parsed_formulations.csv,Transferred from previous viability-only project.
obs_legacy_lit_363_viability,legacy_lit_363,legacy_literature,legacy,viability_percent,69.0,percent,50.0,legacy_literature,/Users/bait/Documents/ML-for-CryoMN/data/processed/parsed_formulations.csv,Transferred from previous viability-only project.
obs_legacy_lit_368_viability,legacy_lit_368,legacy_literature,legacy,viability_percent,88.0,percent,50.0,legacy_literature,/Users/bait/Documents/ML-for-CryoMN/data/processed/parsed_formulations.csv,Transferred from previous viability-only project.
obs_legacy_lit_369_viability,legacy_lit_369,legacy_literature,legacy,viability_percent,92.7,percent,50.0,legacy_literature,/Users/bait/Documents/ML-for-CryoMN/data/processed/parsed_formulations.csv,Transferred from previous viability-only project.
obs_legacy_lit_370_viability,legacy_lit_370,legacy_literature,legacy,viability_percent,90.0,percent,50.0,legacy_literature,/Users/bait/Documents/ML-for-CryoMN/data/processed/parsed_formulations.csv,Transferred from previous viability-only project.
obs_legacy_lit_372_viability,legacy_lit_372,legacy_literature,legacy,viability_percent,22.5,percent,50.0,legacy_literature,/Users/bait/Documents/ML-for-CryoMN/data/processed/parsed_formulations.csv,Transferred from previous viability-only project.
obs_legacy_lit_373_viability,legacy_lit_373,legacy_literature,legacy,viability_percent,72.5,percent,50.0,legacy_literature,/Users/bait/Documents/ML-for-CryoMN/data/processed/parsed_formulations.csv,Transferred from previous viability-only project.
obs_legacy_lit_374_viability,legacy_lit_374,legacy_literature,legacy,viability_percent,73.95,percent,50.0,legacy_literature,/Users/bait/Documents/ML-for-CryoMN/data/processed/parsed_formulations.csv,Transferred from previous viability-only project.
obs_legacy_lit_375_viability,legacy_lit_375,legacy_literature,legacy,viability_percent,81.3,percent,50.0,legacy_literature,/Users/bait/Documents/ML-for-CryoMN/data/processed/parsed_formulations.csv,Transferred from previous viability-only project.
obs_legacy_lit_376_viability,legacy_lit_376,legacy_literature,legacy,viability_percent,86.05,percent,50.0,legacy_literature,/Users/bait/Documents/ML-for-CryoMN/data/processed/parsed_formulations.csv,Transferred from previous viability-only project.
obs_legacy_lit_383_viability,legacy_lit_383,legacy_literature,legacy,viability_percent,5.0,percent,50.0,legacy_literature,/Users/bait/Documents/ML-for-CryoMN/data/processed/parsed_formulations.csv,Transferred from previous viability-only project.
obs_legacy_lit_386_viability,legacy_lit_386,legacy_literature,legacy,viability_percent,77.0,percent,50.0,legacy_literature,/Users/bait/Documents/ML-for-CryoMN/data/processed/parsed_formulations.csv,Transferred from previous viability-only project.
obs_legacy_wetlab_EXP101_viability,legacy_wetlab_EXP101,legacy_wetlab,legacy,viability_percent,21.01,percent,5.0,legacy_wetlab,/Users/bait/Documents/ML-for-CryoMN/data/validation/validation_results.csv,Transferred from previous wet-lab validation as viability-only evidence.
obs_legacy_wetlab_EXP102_viability,legacy_wetlab_EXP102,legacy_wetlab,legacy,viability_percent,38.14,percent,5.0,legacy_wetlab,/Users/bait/Documents/ML-for-CryoMN/data/validation/validation_results.csv,Transferred from previous wet-lab validation as viability-only evidence.
obs_legacy_wetlab_EXP103_viability,legacy_wetlab_EXP103,legacy_wetlab,legacy,viability_percent,7.44,percent,5.0,legacy_wetlab,/Users/bait/Documents/ML-for-CryoMN/data/validation/validation_results.csv,Transferred from previous wet-lab validation as viability-only evidence.
obs_legacy_wetlab_EXP104_viability,legacy_wetlab_EXP104,legacy_wetlab,legacy,viability_percent,29.7,percent,5.0,legacy_wetlab,/Users/bait/Documents/ML-for-CryoMN/data/validation/validation_results.csv,Transferred from previous wet-lab validation as viability-only evidence.
obs_legacy_wetlab_EXP105_viability,legacy_wetlab_EXP105,legacy_wetlab,legacy,viability_percent,18.31,percent,5.0,legacy_wetlab,/Users/bait/Documents/ML-for-CryoMN/data/validation/validation_results.csv,Transferred from previous wet-lab validation as viability-only evidence.
obs_legacy_wetlab_EXP106_viability,legacy_wetlab_EXP106,legacy_wetlab,legacy,viability_percent,8.39,percent,5.0,legacy_wetlab,/Users/bait/Documents/ML-for-CryoMN/data/validation/validation_results.csv,Transferred from previous wet-lab validation as viability-only evidence.
obs_legacy_wetlab_EXP201_viability,legacy_wetlab_EXP201,legacy_wetlab,legacy,viability_percent,9.78,percent,5.0,legacy_wetlab,/Users/bait/Documents/ML-for-CryoMN/data/validation/validation_results.csv,Transferred from previous wet-lab validation as viability-only evidence.
obs_legacy_wetlab_EXP202_viability,legacy_wetlab_EXP202,legacy_wetlab,legacy,viability_percent,32.42,percent,5.0,legacy_wetlab,/Users/bait/Documents/ML-for-CryoMN/data/validation/validation_results.csv,Transferred from previous wet-lab validation as viability-only evidence.
obs_legacy_wetlab_EXP203_viability,legacy_wetlab_EXP203,legacy_wetlab,legacy,viability_percent,52.32,percent,5.0,legacy_wetlab,/Users/bait/Documents/ML-for-CryoMN/data/validation/validation_results.csv,Transferred from previous wet-lab validation as viability-only evidence.
obs_legacy_wetlab_EXP204_viability,legacy_wetlab_EXP204,legacy_wetlab,legacy,viability_percent,50.29,percent,5.0,legacy_wetlab,/Users/bait/Documents/ML-for-CryoMN/data/validation/validation_results.csv,Transferred from previous wet-lab validation as viability-only evidence.
obs_legacy_wetlab_EXP205_viability,legacy_wetlab_EXP205,legacy_wetlab,legacy,viability_percent,63.31,percent,5.0,legacy_wetlab,/Users/bait/Documents/ML-for-CryoMN/data/validation/validation_results.csv,Transferred from previous wet-lab validation as viability-only evidence.
obs_legacy_wetlab_EXP206_viability,legacy_wetlab_EXP206,legacy_wetlab,legacy,viability_percent,58.73,percent,5.0,legacy_wetlab,/Users/bait/Documents/ML-for-CryoMN/data/validation/validation_results.csv,Transferred from previous wet-lab validation as viability-only evidence.
obs_legacy_wetlab_EXP301_viability,legacy_wetlab_EXP301,legacy_wetlab,legacy,viability_percent,28.19,percent,5.0,legacy_wetlab,/Users/bait/Documents/ML-for-CryoMN/data/validation/validation_results.csv,Transferred from previous wet-lab validation as viability-only evidence.
obs_legacy_wetlab_EXP302_viability,legacy_wetlab_EXP302,legacy_wetlab,legacy,viability_percent,56.18,percent,5.0,legacy_wetlab,/Users/bait/Documents/ML-for-CryoMN/data/validation/validation_results.csv,Transferred from previous wet-lab validation as viability-only evidence.
obs_legacy_wetlab_EXP303_viability,legacy_wetlab_EXP303,legacy_wetlab,legacy,viability_percent,6.5,percent,5.0,legacy_wetlab,/Users/bait/Documents/ML-for-CryoMN/data/validation/validation_results.csv,Transferred from previous wet-lab validation as viability-only evidence.
obs_legacy_wetlab_EXP304_viability,legacy_wetlab_EXP304,legacy_wetlab,legacy,viability_percent,53.19,percent,5.0,legacy_wetlab,/Users/bait/Documents/ML-for-CryoMN/data/validation/validation_results.csv,Transferred from previous wet-lab validation as viability-only evidence.
obs_legacy_wetlab_EXP305_viability,legacy_wetlab_EXP305,legacy_wetlab,legacy,viability_percent,72.93,percent,5.0,legacy_wetlab,/Users/bait/Documents/ML-for-CryoMN/data/validation/validation_results.csv,Transferred from previous wet-lab validation as viability-only evidence.
obs_legacy_wetlab_EXP306_viability,legacy_wetlab_EXP306,legacy_wetlab,legacy,viability_percent,69.78,percent,5.0,legacy_wetlab,/Users/bait/Documents/ML-for-CryoMN/data/validation/validation_results.csv,Transferred from previous wet-lab validation as viability-only evidence.
obs_legacy_wetlab_EXP1101_viability,legacy_wetlab_EXP1101,legacy_wetlab,legacy,viability_percent,15.27,percent,5.0,legacy_wetlab,/Users/bait/Documents/ML-for-CryoMN/data/validation/validation_results.csv,Transferred from previous wet-lab validation as viability-only evidence.
obs_legacy_wetlab_EXP1102_viability,legacy_wetlab_EXP1102,legacy_wetlab,legacy,viability_percent,6.9,percent,5.0,legacy_wetlab,/Users/bait/Documents/ML-for-CryoMN/data/validation/validation_results.csv,Transferred from previous wet-lab validation as viability-only evidence.
obs_legacy_wetlab_EXP1103_viability,legacy_wetlab_EXP1103,legacy_wetlab,legacy,viability_percent,26.68,percent,5.0,legacy_wetlab,/Users/bait/Documents/ML-for-CryoMN/data/validation/validation_results.csv,Transferred from previous wet-lab validation as viability-only evidence.
obs_legacy_wetlab_EXP1104_viability,legacy_wetlab_EXP1104,legacy_wetlab,legacy,viability_percent,36.3,percent,5.0,legacy_wetlab,/Users/bait/Documents/ML-for-CryoMN/data/validation/validation_results.csv,Transferred from previous wet-lab validation as viability-only evidence.
obs_legacy_wetlab_EXP1105_viability,legacy_wetlab_EXP1105,legacy_wetlab,legacy,viability_percent,79.09,percent,5.0,legacy_wetlab,/Users/bait/Documents/ML-for-CryoMN/data/validation/validation_results.csv,Transferred from previous wet-lab validation as viability-only evidence.
obs_legacy_wetlab_EXP1106_viability,legacy_wetlab_EXP1106,legacy_wetlab,legacy,viability_percent,48.85,percent,5.0,legacy_wetlab,/Users/bait/Documents/ML-for-CryoMN/data/validation/validation_results.csv,Transferred from previous wet-lab validation as viability-only evidence.
obs_legacy_wetlab_EXP1201_viability,legacy_wetlab_EXP1201,legacy_wetlab,legacy,viability_percent,31.9,percent,5.0,legacy_wetlab,/Users/bait/Documents/ML-for-CryoMN/data/validation/validation_results.csv,Transferred from previous wet-lab validation as viability-only evidence.
obs_legacy_wetlab_EXP1202_viability,legacy_wetlab_EXP1202,legacy_wetlab,legacy,viability_percent,28.41,percent,5.0,legacy_wetlab,/Users/bait/Documents/ML-for-CryoMN/data/validation/validation_results.csv,Transferred from previous wet-lab validation as viability-only evidence.
obs_legacy_wetlab_EXP1203_viability,legacy_wetlab_EXP1203,legacy_wetlab,legacy,viability_percent,20.26,percent,5.0,legacy_wetlab,/Users/bait/Documents/ML-for-CryoMN/data/validation/validation_results.csv,Transferred from previous wet-lab validation as viability-only evidence.
obs_legacy_wetlab_EXP1205_viability,legacy_wetlab_EXP1205,legacy_wetlab,legacy,viability_percent,31.19,percent,5.0,legacy_wetlab,/Users/bait/Documents/ML-for-CryoMN/data/validation/validation_results.csv,Transferred from previous wet-lab validation as viability-only evidence.
obs_legacy_wetlab_EXP1206_viability,legacy_wetlab_EXP1206,legacy_wetlab,legacy,viability_percent,36.12,percent,5.0,legacy_wetlab,/Users/bait/Documents/ML-for-CryoMN/data/validation/validation_results.csv,Transferred from previous wet-lab validation as viability-only evidence.
obs_legacy_wetlab_EXP2101_viability,legacy_wetlab_EXP2101,legacy_wetlab,legacy,viability_percent,28.99,percent,5.0,legacy_wetlab,/Users/bait/Documents/ML-for-CryoMN/data/validation/validation_results.csv,Transferred from previous wet-lab validation as viability-only evidence.
obs_legacy_wetlab_EXP2102_viability,legacy_wetlab_EXP2102,legacy_wetlab,legacy,viability_percent,28.14,percent,5.0,legacy_wetlab,/Users/bait/Documents/ML-for-CryoMN/data/validation/validation_results.csv,Transferred from previous wet-lab validation as viability-only evidence.
obs_legacy_wetlab_EXP2103_viability,legacy_wetlab_EXP2103,legacy_wetlab,legacy,viability_percent,51.61,percent,5.0,legacy_wetlab,/Users/bait/Documents/ML-for-CryoMN/data/validation/validation_results.csv,Transferred from previous wet-lab validation as viability-only evidence.
obs_legacy_wetlab_EXP2104_viability,legacy_wetlab_EXP2104,legacy_wetlab,legacy,viability_percent,53.4,percent,5.0,legacy_wetlab,/Users/bait/Documents/ML-for-CryoMN/data/validation/validation_results.csv,Transferred from previous wet-lab validation as viability-only evidence.
obs_legacy_wetlab_EXP2105_viability,legacy_wetlab_EXP2105,legacy_wetlab,legacy,viability_percent,8.66,percent,5.0,legacy_wetlab,/Users/bait/Documents/ML-for-CryoMN/data/validation/validation_results.csv,Transferred from previous wet-lab validation as viability-only evidence.
obs_legacy_wetlab_EXP2106_viability,legacy_wetlab_EXP2106,legacy_wetlab,legacy,viability_percent,34.8,percent,5.0,legacy_wetlab,/Users/bait/Documents/ML-for-CryoMN/data/validation/validation_results.csv,Transferred from previous wet-lab validation as viability-only evidence.
obs_legacy_wetlab_EXP3101_viability,legacy_wetlab_EXP3101,legacy_wetlab,legacy,viability_percent,63.61,percent,5.0,legacy_wetlab,/Users/bait/Documents/ML-for-CryoMN/data/validation/validation_results.csv,Transferred from previous wet-lab validation as viability-only evidence.
obs_legacy_wetlab_EXP3102_viability,legacy_wetlab_EXP3102,legacy_wetlab,legacy,viability_percent,51.94,percent,5.0,legacy_wetlab,/Users/bait/Documents/ML-for-CryoMN/data/validation/validation_results.csv,Transferred from previous wet-lab validation as viability-only evidence.
obs_legacy_wetlab_EXP3103_viability,legacy_wetlab_EXP3103,legacy_wetlab,legacy,viability_percent,32.75,percent,5.0,legacy_wetlab,/Users/bait/Documents/ML-for-CryoMN/data/validation/validation_results.csv,Transferred from previous wet-lab validation as viability-only evidence.
obs_legacy_wetlab_EXP3104_viability,legacy_wetlab_EXP3104,legacy_wetlab,legacy,viability_percent,49.99,percent,5.0,legacy_wetlab,/Users/bait/Documents/ML-for-CryoMN/data/validation/validation_results.csv,Transferred from previous wet-lab validation as viability-only evidence.
obs_legacy_wetlab_EXP3105_viability,legacy_wetlab_EXP3105,legacy_wetlab,legacy,viability_percent,41.32,percent,5.0,legacy_wetlab,/Users/bait/Documents/ML-for-CryoMN/data/validation/validation_results.csv,Transferred from previous wet-lab validation as viability-only evidence.
obs_legacy_wetlab_EXP3106_viability,legacy_wetlab_EXP3106,legacy_wetlab,legacy,viability_percent,42.1,percent,5.0,legacy_wetlab,/Users/bait/Documents/ML-for-CryoMN/data/validation/validation_results.csv,Transferred from previous wet-lab validation as viability-only evidence.
obs_legacy_wetlab_EXP3107_viability,legacy_wetlab_EXP3107,legacy_wetlab,legacy,viability_percent,63.25,percent,5.0,legacy_wetlab,/Users/bait/Documents/ML-for-CryoMN/data/validation/validation_results.csv,Transferred from previous wet-lab validation as viability-only evidence.
obs_legacy_wetlab_EXP3108_viability,legacy_wetlab_EXP3108,legacy_wetlab,legacy,viability_percent,35.08,percent,5.0,legacy_wetlab,/Users/bait/Documents/ML-for-CryoMN/data/validation/validation_results.csv,Transferred from previous wet-lab validation as viability-only evidence.
obs_legacy_wetlab_EXP4101_viability,legacy_wetlab_EXP4101,legacy_wetlab,legacy,viability_percent,62.32,percent,5.0,legacy_wetlab,/Users/bait/Documents/ML-for-CryoMN/data/validation/validation_results.csv,Transferred from previous wet-lab validation as viability-only evidence.
obs_legacy_wetlab_EXP4102_viability,legacy_wetlab_EXP4102,legacy_wetlab,legacy,viability_percent,59.76,percent,5.0,legacy_wetlab,/Users/bait/Documents/ML-for-CryoMN/data/validation/validation_results.csv,Transferred from previous wet-lab validation as viability-only evidence.
obs_legacy_wetlab_EXP4103_viability,legacy_wetlab_EXP4103,legacy_wetlab,legacy,viability_percent,73.15,percent,5.0,legacy_wetlab,/Users/bait/Documents/ML-for-CryoMN/data/validation/validation_results.csv,Transferred from previous wet-lab validation as viability-only evidence.
obs_legacy_wetlab_EXP4104_viability,legacy_wetlab_EXP4104,legacy_wetlab,legacy,viability_percent,76.91,percent,5.0,legacy_wetlab,/Users/bait/Documents/ML-for-CryoMN/data/validation/validation_results.csv,Transferred from previous wet-lab validation as viability-only evidence.
obs_legacy_wetlab_EXP4105_viability,legacy_wetlab_EXP4105,legacy_wetlab,legacy,viability_percent,78.31,percent,5.0,legacy_wetlab,/Users/bait/Documents/ML-for-CryoMN/data/validation/validation_results.csv,Transferred from previous wet-lab validation as viability-only evidence.
obs_legacy_wetlab_EXP4106_viability,legacy_wetlab_EXP4106,legacy_wetlab,legacy,viability_percent,71.59,percent,5.0,legacy_wetlab,/Users/bait/Documents/ML-for-CryoMN/data/validation/validation_results.csv,Transferred from previous wet-lab validation as viability-only evidence.
obs_legacy_wetlab_EXP5101_viability,legacy_wetlab_EXP5101,legacy_wetlab,legacy,viability_percent,49.0,percent,5.0,legacy_wetlab,/Users/bait/Documents/ML-for-CryoMN/data/validation/validation_results.csv,Transferred from previous wet-lab validation as viability-only evidence.
obs_legacy_wetlab_EXP5102_viability,legacy_wetlab_EXP5102,legacy_wetlab,legacy,viability_percent,70.04,percent,5.0,legacy_wetlab,/Users/bait/Documents/ML-for-CryoMN/data/validation/validation_results.csv,Transferred from previous wet-lab validation as viability-only evidence.
obs_legacy_wetlab_EXP5103_viability,legacy_wetlab_EXP5103,legacy_wetlab,legacy,viability_percent,72.48,percent,5.0,legacy_wetlab,/Users/bait/Documents/ML-for-CryoMN/data/validation/validation_results.csv,Transferred from previous wet-lab validation as viability-only evidence.
obs_legacy_wetlab_EXP5104_viability,legacy_wetlab_EXP5104,legacy_wetlab,legacy,viability_percent,92.63,percent,5.0,legacy_wetlab,/Users/bait/Documents/ML-for-CryoMN/data/validation/validation_results.csv,Transferred from previous wet-lab validation as viability-only evidence.
obs_legacy_wetlab_EXP5105_viability,legacy_wetlab_EXP5105,legacy_wetlab,legacy,viability_percent,91.2,percent,5.0,legacy_wetlab,/Users/bait/Documents/ML-for-CryoMN/data/validation/validation_results.csv,Transferred from previous wet-lab validation as viability-only evidence.
obs_legacy_wetlab_EXP5106_viability,legacy_wetlab_EXP5106,legacy_wetlab,legacy,viability_percent,91.4,percent,5.0,legacy_wetlab,/Users/bait/Documents/ML-for-CryoMN/data/validation/validation_results.csv,Transferred from previous wet-lab validation as viability-only evidence.
obs_legacy_wetlab_EXP5107_viability,legacy_wetlab_EXP5107,legacy_wetlab,legacy,viability_percent,75.16,percent,5.0,legacy_wetlab,/Users/bait/Documents/ML-for-CryoMN/data/validation/validation_results.csv,Transferred from previous wet-lab validation as viability-only evidence.
obs_legacy_wetlab_EXP5108_viability,legacy_wetlab_EXP5108,legacy_wetlab,legacy,viability_percent,59.17,percent,5.0,legacy_wetlab,/Users/bait/Documents/ML-for-CryoMN/data/validation/validation_results.csv,Transferred from previous wet-lab validation as viability-only evidence.
obs_legacy_wetlab_EXP5109_viability,legacy_wetlab_EXP5109,legacy_wetlab,legacy,viability_percent,94.32,percent,5.0,legacy_wetlab,/Users/bait/Documents/ML-for-CryoMN/data/validation/validation_results.csv,Transferred from previous wet-lab validation as viability-only evidence.
obs_legacy_wetlab_EXP5110_viability,legacy_wetlab_EXP5110,legacy_wetlab,legacy,viability_percent,95.15,percent,5.0,legacy_wetlab,/Users/bait/Documents/ML-for-CryoMN/data/validation/validation_results.csv,Transferred from previous wet-lab validation as viability-only evidence.
obs_legacy_wetlab_EXP5111_viability,legacy_wetlab_EXP5111,legacy_wetlab,legacy,viability_percent,88.78,percent,5.0,legacy_wetlab,/Users/bait/Documents/ML-for-CryoMN/data/validation/validation_results.csv,Transferred from previous wet-lab validation as viability-only evidence.
obs_legacy_wetlab_EXP5112_viability,legacy_wetlab_EXP5112,legacy_wetlab,legacy,viability_percent,87.85,percent,5.0,legacy_wetlab,/Users/bait/Documents/ML-for-CryoMN/data/validation/validation_results.csv,Transferred from previous wet-lab validation as viability-only evidence.
obs_legacy_wetlab_EXP5201_viability,legacy_wetlab_EXP5201,legacy_wetlab,legacy,viability_percent,27.08,percent,5.0,legacy_wetlab,/Users/bait/Documents/ML-for-CryoMN/data/validation/validation_results.csv,Transferred from previous wet-lab validation as viability-only evidence.
obs_legacy_wetlab_EXP5202_viability,legacy_wetlab_EXP5202,legacy_wetlab,legacy,viability_percent,29.46,percent,5.0,legacy_wetlab,/Users/bait/Documents/ML-for-CryoMN/data/validation/validation_results.csv,Transferred from previous wet-lab validation as viability-only evidence.
obs_legacy_wetlab_EXP5203_viability,legacy_wetlab_EXP5203,legacy_wetlab,legacy,viability_percent,59.95,percent,5.0,legacy_wetlab,/Users/bait/Documents/ML-for-CryoMN/data/validation/validation_results.csv,Transferred from previous wet-lab validation as viability-only evidence.
obs_legacy_wetlab_EXP5204_viability,legacy_wetlab_EXP5204,legacy_wetlab,legacy,viability_percent,71.75,percent,5.0,legacy_wetlab,/Users/bait/Documents/ML-for-CryoMN/data/validation/validation_results.csv,Transferred from previous wet-lab validation as viability-only evidence.
obs_legacy_wetlab_EXP5205_viability,legacy_wetlab_EXP5205,legacy_wetlab,legacy,viability_percent,6.86,percent,5.0,legacy_wetlab,/Users/bait/Documents/ML-for-CryoMN/data/validation/validation_results.csv,Transferred from previous wet-lab validation as viability-only evidence.
obs_legacy_wetlab_EXP5206_viability,legacy_wetlab_EXP5206,legacy_wetlab,legacy,viability_percent,13.35,percent,5.0,legacy_wetlab,/Users/bait/Documents/ML-for-CryoMN/data/validation/validation_results.csv,Transferred from previous wet-lab validation as viability-only evidence.
obs_legacy_wetlab_EXP5207_viability,legacy_wetlab_EXP5207,legacy_wetlab,legacy,viability_percent,48.34,percent,5.0,legacy_wetlab,/Users/bait/Documents/ML-for-CryoMN/data/validation/validation_results.csv,Transferred from previous wet-lab validation as viability-only evidence.
obs_legacy_wetlab_EXP5208_viability,legacy_wetlab_EXP5208,legacy_wetlab,legacy,viability_percent,12.02,percent,5.0,legacy_wetlab,/Users/bait/Documents/ML-for-CryoMN/data/validation/validation_results.csv,Transferred from previous wet-lab validation as viability-only evidence.
obs_legacy_wetlab_EXP5209_viability,legacy_wetlab_EXP5209,legacy_wetlab,legacy,viability_percent,60.43,percent,5.0,legacy_wetlab,/Users/bait/Documents/ML-for-CryoMN/data/validation/validation_results.csv,Transferred from previous wet-lab validation as viability-only evidence.
obs_legacy_wetlab_EXP5210_viability,legacy_wetlab_EXP5210,legacy_wetlab,legacy,viability_percent,20.96,percent,5.0,legacy_wetlab,/Users/bait/Documents/ML-for-CryoMN/data/validation/validation_results.csv,Transferred from previous wet-lab validation as viability-only evidence.
obs_legacy_wetlab_EXP5211_viability,legacy_wetlab_EXP5211,legacy_wetlab,legacy,viability_percent,7.39,percent,5.0,legacy_wetlab,/Users/bait/Documents/ML-for-CryoMN/data/validation/validation_results.csv,Transferred from previous wet-lab validation as viability-only evidence.
obs_legacy_wetlab_EXP6101_viability,legacy_wetlab_EXP6101,legacy_wetlab,legacy,viability_percent,74.16,percent,5.0,legacy_wetlab,/Users/bait/Documents/ML-for-CryoMN/data/validation/validation_results.csv,Transferred from previous wet-lab validation as viability-only evidence.
obs_legacy_wetlab_EXP6102_viability,legacy_wetlab_EXP6102,legacy_wetlab,legacy,viability_percent,73.88,percent,5.0,legacy_wetlab,/Users/bait/Documents/ML-for-CryoMN/data/validation/validation_results.csv,Transferred from previous wet-lab validation as viability-only evidence.
obs_legacy_wetlab_EXP6103_viability,legacy_wetlab_EXP6103,legacy_wetlab,legacy,viability_percent,71.12,percent,5.0,legacy_wetlab,/Users/bait/Documents/ML-for-CryoMN/data/validation/validation_results.csv,Transferred from previous wet-lab validation as viability-only evidence.
obs_legacy_wetlab_EXP6104_viability,legacy_wetlab_EXP6104,legacy_wetlab,legacy,viability_percent,65.5,percent,5.0,legacy_wetlab,/Users/bait/Documents/ML-for-CryoMN/data/validation/validation_results.csv,Transferred from previous wet-lab validation as viability-only evidence.
obs_legacy_wetlab_EXP6105_viability,legacy_wetlab_EXP6105,legacy_wetlab,legacy,viability_percent,53.08,percent,5.0,legacy_wetlab,/Users/bait/Documents/ML-for-CryoMN/data/validation/validation_results.csv,Transferred from previous wet-lab validation as viability-only evidence.
obs_legacy_wetlab_EXP6106_viability,legacy_wetlab_EXP6106,legacy_wetlab,legacy,viability_percent,71.41,percent,5.0,legacy_wetlab,/Users/bait/Documents/ML-for-CryoMN/data/validation/validation_results.csv,Transferred from previous wet-lab validation as viability-only evidence.
obs_legacy_wetlab_EXP7101_viability,legacy_wetlab_EXP7101,legacy_wetlab,legacy,viability_percent,72.98,percent,5.0,legacy_wetlab,/Users/bait/Documents/ML-for-CryoMN/data/validation/validation_results.csv,Transferred from previous wet-lab validation as viability-only evidence.
obs_legacy_wetlab_EXP7102_viability,legacy_wetlab_EXP7102,legacy_wetlab,legacy,viability_percent,79.04,percent,5.0,legacy_wetlab,/Users/bait/Documents/ML-for-CryoMN/data/validation/validation_results.csv,Transferred from previous wet-lab validation as viability-only evidence.
obs_legacy_wetlab_EXP7103_viability,legacy_wetlab_EXP7103,legacy_wetlab,legacy,viability_percent,76.36,percent,5.0,legacy_wetlab,/Users/bait/Documents/ML-for-CryoMN/data/validation/validation_results.csv,Transferred from previous wet-lab validation as viability-only evidence.
obs_legacy_wetlab_EXP7104_viability,legacy_wetlab_EXP7104,legacy_wetlab,legacy,viability_percent,75.91,percent,5.0,legacy_wetlab,/Users/bait/Documents/ML-for-CryoMN/data/validation/validation_results.csv,Transferred from previous wet-lab validation as viability-only evidence.
obs_legacy_wetlab_EXP7105_viability,legacy_wetlab_EXP7105,legacy_wetlab,legacy,viability_percent,73.57,percent,5.0,legacy_wetlab,/Users/bait/Documents/ML-for-CryoMN/data/validation/validation_results.csv,Transferred from previous wet-lab validation as viability-only evidence.
obs_legacy_wetlab_EXP7106_viability,legacy_wetlab_EXP7106,legacy_wetlab,legacy,viability_percent,74.55,percent,5.0,legacy_wetlab,/Users/bait/Documents/ML-for-CryoMN/data/validation/validation_results.csv,Transferred from previous wet-lab validation as viability-only evidence.
obs_legacy_wetlab_EXP7107_viability,legacy_wetlab_EXP7107,legacy_wetlab,legacy,viability_percent,70.97,percent,5.0,legacy_wetlab,/Users/bait/Documents/ML-for-CryoMN/data/validation/validation_results.csv,Transferred from previous wet-lab validation as viability-only evidence.
obs_legacy_wetlab_EXP7108_viability,legacy_wetlab_EXP7108,legacy_wetlab,legacy,viability_percent,70.64,percent,5.0,legacy_wetlab,/Users/bait/Documents/ML-for-CryoMN/data/validation/validation_results.csv,Transferred from previous wet-lab validation as viability-only evidence.
obs_legacy_wetlab_EXP7109_viability,legacy_wetlab_EXP7109,legacy_wetlab,legacy,viability_percent,11.49,percent,5.0,legacy_wetlab,/Users/bait/Documents/ML-for-CryoMN/data/validation/validation_results.csv,Transferred from previous wet-lab validation as viability-only evidence.
obs_legacy_wetlab_EXP7110_viability,legacy_wetlab_EXP7110,legacy_wetlab,legacy,viability_percent,50.31,percent,5.0,legacy_wetlab,/Users/bait/Documents/ML-for-CryoMN/data/validation/validation_results.csv,Transferred from previous wet-lab validation as viability-only evidence.
obs_legacy_wetlab_EXP7111_viability,legacy_wetlab_EXP7111,legacy_wetlab,legacy,viability_percent,35.29,percent,5.0,legacy_wetlab,/Users/bait/Documents/ML-for-CryoMN/data/validation/validation_results.csv,Transferred from previous wet-lab validation as viability-only evidence.
obs_legacy_wetlab_EXP7112_viability,legacy_wetlab_EXP7112,legacy_wetlab,legacy,viability_percent,41.07,percent,5.0,legacy_wetlab,/Users/bait/Documents/ML-for-CryoMN/data/validation/validation_results.csv,Transferred from previous wet-lab validation as viability-only evidence.
obs_legacy_wetlab_EXP8101_viability,legacy_wetlab_EXP8101,legacy_wetlab,legacy,viability_percent,71.22,percent,5.0,legacy_wetlab,/Users/bait/Documents/ML-for-CryoMN/data/validation/validation_results.csv,Transferred from previous wet-lab validation as viability-only evidence.
obs_legacy_wetlab_EXP8102_viability,legacy_wetlab_EXP8102,legacy_wetlab,legacy,viability_percent,71.7,percent,5.0,legacy_wetlab,/Users/bait/Documents/ML-for-CryoMN/data/validation/validation_results.csv,Transferred from previous wet-lab validation as viability-only evidence.
obs_legacy_wetlab_EXP8103_viability,legacy_wetlab_EXP8103,legacy_wetlab,legacy,viability_percent,69.97,percent,5.0,legacy_wetlab,/Users/bait/Documents/ML-for-CryoMN/data/validation/validation_results.csv,Transferred from previous wet-lab validation as viability-only evidence.
obs_legacy_wetlab_EXP8104_viability,legacy_wetlab_EXP8104,legacy_wetlab,legacy,viability_percent,58.76,percent,5.0,legacy_wetlab,/Users/bait/Documents/ML-for-CryoMN/data/validation/validation_results.csv,Transferred from previous wet-lab validation as viability-only evidence.
obs_legacy_wetlab_EXP8105_viability,legacy_wetlab_EXP8105,legacy_wetlab,legacy,viability_percent,64.69,percent,5.0,legacy_wetlab,/Users/bait/Documents/ML-for-CryoMN/data/validation/validation_results.csv,Transferred from previous wet-lab validation as viability-only evidence.
obs_legacy_wetlab_EXP8106_viability,legacy_wetlab_EXP8106,legacy_wetlab,legacy,viability_percent,64.37,percent,5.0,legacy_wetlab,/Users/bait/Documents/ML-for-CryoMN/data/validation/validation_results.csv,Transferred from previous wet-lab validation as viability-only evidence.
obs_legacy_wetlab_EXP8107_viability,legacy_wetlab_EXP8107,legacy_wetlab,legacy,viability_percent,54.64,percent,5.0,legacy_wetlab,/Users/bait/Documents/ML-for-CryoMN/data/validation/validation_results.csv,Transferred from previous wet-lab validation as viability-only evidence.
obs_legacy_wetlab_EXP8108_viability,legacy_wetlab_EXP8108,legacy_wetlab,legacy,viability_percent,39.82,percent,5.0,legacy_wetlab,/Users/bait/Documents/ML-for-CryoMN/data/validation/validation_results.csv,Transferred from previous wet-lab validation as viability-only evidence.
obs_legacy_wetlab_EXP9101_viability,legacy_wetlab_EXP9101,legacy_wetlab,legacy,viability_percent,75.43,percent,5.0,legacy_wetlab,/Users/bait/Documents/ML-for-CryoMN/data/validation/validation_results.csv,Transferred from previous wet-lab validation as viability-only evidence.
obs_legacy_wetlab_EXP9102_viability,legacy_wetlab_EXP9102,legacy_wetlab,legacy,viability_percent,70.72,percent,5.0,legacy_wetlab,/Users/bait/Documents/ML-for-CryoMN/data/validation/validation_results.csv,Transferred from previous wet-lab validation as viability-only evidence.
obs_legacy_wetlab_EXP9103_viability,legacy_wetlab_EXP9103,legacy_wetlab,legacy,viability_percent,71.75,percent,5.0,legacy_wetlab,/Users/bait/Documents/ML-for-CryoMN/data/validation/validation_results.csv,Transferred from previous wet-lab validation as viability-only evidence.
obs_legacy_wetlab_EXP9104_viability,legacy_wetlab_EXP9104,legacy_wetlab,legacy,viability_percent,74.92,percent,5.0,legacy_wetlab,/Users/bait/Documents/ML-for-CryoMN/data/validation/validation_results.csv,Transferred from previous wet-lab validation as viability-only evidence.
obs_legacy_wetlab_EXP9105_viability,legacy_wetlab_EXP9105,legacy_wetlab,legacy,viability_percent,75.16,percent,5.0,legacy_wetlab,/Users/bait/Documents/ML-for-CryoMN/data/validation/validation_results.csv,Transferred from previous wet-lab validation as viability-only evidence.
obs_legacy_wetlab_EXP9106_viability,legacy_wetlab_EXP9106,legacy_wetlab,legacy,viability_percent,67.06,percent,5.0,legacy_wetlab,/Users/bait/Documents/ML-for-CryoMN/data/validation/validation_results.csv,Transferred from previous wet-lab validation as viability-only evidence.
obs_legacy_wetlab_EXP9107_viability,legacy_wetlab_EXP9107,legacy_wetlab,legacy,viability_percent,61.47,percent,5.0,legacy_wetlab,/Users/bait/Documents/ML-for-CryoMN/data/validation/validation_results.csv,Transferred from previous wet-lab validation as viability-only evidence.
obs_legacy_wetlab_EXP9108_viability,legacy_wetlab_EXP9108,legacy_wetlab,legacy,viability_percent,36.44,percent,5.0,legacy_wetlab,/Users/bait/Documents/ML-for-CryoMN/data/validation/validation_results.csv,Transferred from previous wet-lab validation as viability-only evidence.
